name,DOB,address
Kathy Mccall,1983-12-26,"2657 Karen Track
Taylormouth, OR 59687"
Jennifer Gilbert,1993-04-10,"Unit 4514 Box 0280
DPO AA 05086"
Tonya Stanley,1988-05-24,"6658 Kimberly Center
Lake Jennifertown, MI 50442"
Manuel Jones,2011-11-08,"3830 Sandra Lakes Apt. 635
East Kevinbury, KS 66111"
Sara Lowe,1973-08-05,"USCGC Palmer
FPO AP 21633"
Valerie Fleming,1983-10-16,"730 Edward Crossroad
West David, IL 48418"
Robert Lee,2006-05-11,"55695 Alec Throughway Suite 601
Mosesmouth, DC 04275"
Kimberly Owens,2008-05-15,"9230 Carroll Shoal Apt. 281
Lake Bradleystad, NC 93152"
Jessica Moore,1982-08-17,"39932 Phillips Keys
West Laurenport, NV 56484"
Lisa Murphy,2005-04-13,"1365 Norton Island
Deniseshire, WA 57313"
Thomas Drake,2004-10-21,"7728 Martin Stravenue Apt. 191
Jonesville, MD 00718"
Audrey Gardner,1985-08-29,"35751 Charles Via Suite 990
Morganhaven, MD 28472"
Brian Smith,2007-02-16,"39280 Chapman Shores
Janeville, DC 52188"
Daniel Garcia,2007-10-15,"931 Thompson Track Apt. 049
Paultown, GA 44157"
Nicole Orozco,2015-07-29,"7246 Calderon Drives
South Jennifer, AK 52236"
Amber Barnes,2004-01-18,"72087 Amanda Branch
North Joshuaside, NH 31250"
Sara Bush,2008-03-30,"98778 Cynthia Cliffs Suite 126
Mitchellfort, MO 18775"
Jessica Sanchez,1997-06-24,"618 Daniel Crossroad
East Anthony, CO 73426"
Chelsey Daniels,2000-02-28,"027 Washington Turnpike
Vincentland, DC 83400"
Alexis Parsons,1986-10-08,"20295 Stephanie Center
Howardfurt, CO 63828"
Hannah Ingram,1995-02-27,"3478 Hebert Ports Suite 965
Dayborough, IL 85717"
Jose Neal,1983-10-11,"851 Mendoza Port Suite 678
Longfurt, SD 52231"
Sean Delgado,2015-12-30,"81516 Ricky Terrace Apt. 862
Burnsshire, MS 14664"
Melissa Barrera,2010-05-08,"39629 Robles Ways Apt. 582
Kristinburgh, ME 56356"
Andrew House,2010-04-20,"199 Kenneth Road Suite 877
Lake Robertfurt, NY 37394"
Zachary Horn,1999-02-04,"29812 Jeffrey Parks Apt. 901
Chapmanmouth, MI 04173"
Jasmine Strickland,1968-04-07,"4507 Brian Route
Washingtonport, WI 52261"
Brian Gonzalez,1984-07-21,"766 Travis Motorway Apt. 553
South Katherine, NH 20791"
Leslie Fletcher,1997-10-08,"0261 John Orchard
Lake Brandiside, KS 51007"
Christopher Williams,1991-08-24,"9190 Odom Overpass
West Jasonfort, NY 61983"
Eric Wilson,1988-03-05,"70195 Wilson Wall
Marioborough, MN 26035"
Amber Savage,1979-07-05,"60039 Valerie Plains
North Nicholas, DC 01767"
Tyler Hoffman,2008-11-11,"6214 Hill Corner
Cohenview, MO 59861"
William Taylor,2006-11-13,"5579 Graves Gardens Suite 182
Kimberlystad, TX 76504"
Nicholas Rodriguez,1972-03-03,"29750 Erica Center Suite 398
East Christopher, AK 48205"
Troy Garner,1969-10-09,"USNS Miller
FPO AE 63457"
Deborah Perez DVM,2008-04-24,"02098 Sara Green Apt. 999
Meganshire, DC 55159"
Andrea Wilkerson,1966-12-17,"871 Anthony Roads Apt. 518
Bobbyport, FL 30118"
David Smith,1977-03-17,"15365 Melissa Wall
Lake Jason, SD 84956"
Regina Spence,2012-10-24,"3199 Donald Parks Apt. 272
Greeneton, OH 57963"
Mrs. Emily Cross,1993-11-25,"64529 Kimberly Knoll
West Lisabury, UT 80062"
Lauren Carrillo,1984-10-12,"077 Nicholas Drive
South Melissa, DC 66909"
Christopher Smith,2002-04-01,"PSC 8229, Box 2186
APO AE 05724"
Alicia Smith,2005-12-26,"08162 Michael Drive Suite 092
Cantuville, MO 96068"
Heather Frazier,1981-03-18,"89928 Donna Track Apt. 285
Edwardfurt, HI 86127"
Edward Swanson,1977-07-15,"PSC 9001, Box 4714
APO AA 87453"
Adam Graham,1992-02-29,"8579 Donna Trace Apt. 310
Joseport, MD 70688"
Jennifer Martinez,1977-03-13,"5333 Wright Station
Smithfort, IL 93616"
Tammy Palmer,2007-07-23,"Unit 0808 Box 7295
DPO AE 41824"
Ryan Wilson,1977-07-15,"058 Knight Flats Apt. 853
South David, OH 94307"
Rachel Villarreal,2010-05-30,"23137 Ashley Mill Apt. 972
Ramirezstad, OK 19869"
Beth Hess,1967-09-07,"7515 Sanders Wells Suite 929
Christineborough, VA 14773"
Maria Jones,2007-02-21,"615 Wilson Island Apt. 496
East Marcberg, MN 31011"
Christine Reed,1983-04-05,"PSC 1972, Box 5082
APO AP 04868"
Linda Williams,1987-04-26,"Unit 7538 Box 4643
DPO AP 12825"
Darius Keith,1989-01-19,"569 Teresa Creek
Andrewbury, MS 73739"
Steve Cortez,2001-03-15,"PSC 2149, Box 9289
APO AA 59019"
Nicholas Bowers,1980-03-01,"746 Andrea Harbors
Mirandastad, AL 73677"
Felicia Singleton,1988-09-13,"905 Frost Station
New Aaron, SC 56153"
Barbara Weber,1978-08-02,"27974 Mark Turnpike Apt. 218
Lake Brittany, FL 13855"
James Peters,2015-10-18,"62601 Wilson Highway Suite 751
Guerrabury, KY 39116"
Stephanie Palmer,1987-05-04,"551 Sullivan Inlet Apt. 579
Martinezhaven, NJ 17586"
Marcus Villanueva,1997-08-02,"156 Baker Divide Apt. 584
Jeremymouth, NV 13590"
Megan Sullivan,1998-05-19,"905 Nicholas Estates
East Jessicabury, UT 09743"
Alexander Liu,1973-09-01,"4057 Maurice Creek Suite 827
South Brian, AK 07354"
David Smith,2014-05-13,"72046 David Burgs
Taylorberg, FL 07550"
Brianna Hobbs,1993-10-30,"2485 John Mill Apt. 549
Cainview, MN 44142"
Sandy Smith,1998-01-02,"568 Brandi Pines Suite 225
Fryeton, OR 98004"
Joseph Moore,1980-01-26,"4357 John Ways Suite 578
Timothyfort, FL 37997"
Sarah Benson,2012-08-21,"44159 Galvan Avenue
Johnsonton, MN 53402"
Sherry Hernandez,2000-10-04,"712 Eric Squares
West Cherylfurt, VA 67132"
William Rogers,1974-09-03,"00680 Frye Underpass Apt. 653
West Ronaldhaven, AL 45451"
Mallory Campbell,1986-03-31,"26504 Chelsea Wells
North Traceyhaven, AR 85064"
Deborah Sanchez,1977-01-01,"0206 Phillips Fort Suite 912
Jenniferberg, WV 29370"
Gregg Aguirre,2007-12-27,"86572 Solomon Plain
West John, NC 93249"
Jasmine Simmons,1998-01-20,"3636 Jessica Point Apt. 272
Carlosmouth, OK 83121"
Victoria Evans,1990-08-18,"78243 Heather Radial Suite 842
Lake Bradley, SC 53835"
Joseph Reid,2013-05-27,"19337 Green Mountain Apt. 161
West Kelsey, VA 51356"
Christopher Owen,1979-04-29,"635 Barbara Lane
Johnsonside, AZ 40009"
Kathleen Rivers,1970-03-08,"247 Hernandez Islands Apt. 026
Walshburgh, DE 96117"
Ryan Moore,2005-07-19,"058 Ortiz Creek
Kimberlymouth, VT 09974"
Jesus Bradley,1969-10-23,"520 Leah Valleys
Theresaburgh, MD 10180"
Melissa Molina,1984-03-20,"834 Ethan Manor Apt. 609
Port Rick, MI 62707"
Christian Leon,1970-08-19,"Unit 9308 Box 5420
DPO AP 80948"
Alex Hodges,1996-03-14,"Unit 6848 Box 6183
DPO AP 15789"
Gregory Moore,1982-12-05,"32704 Christopher Courts
East Ryanland, OR 08876"
Devin Schmitt,1991-08-22,"586 Nunez Skyway
North Mandy, ND 84820"
Elizabeth Jones,1971-08-04,"USS Holt
FPO AA 58256"
Shawn Armstrong,2012-05-24,"08494 Jeffrey Roads
Lake Rachelburgh, CA 35748"
Sarah Mcpherson,2011-06-02,"Unit 3117 Box 1423
DPO AE 96767"
Hannah Bishop,1988-10-12,"3723 Michael Lodge Suite 882
Lake Johnhaven, RI 96087"
Ronald Hunt,1973-01-26,"058 Ross Shores Suite 879
Lake Angelaville, HI 85447"
Luis Guzman,1967-04-13,"643 Matthews Springs
Port Patricia, MN 35643"
Aaron Valenzuela,1990-07-20,"1644 Mitchell Bridge
Hutchinsonshire, IN 07505"
Mark Peters,1980-11-29,"9766 Reyes Plaza Suite 355
Johnfort, MT 73539"
Sheila Burton,2015-08-03,"9621 Patton Station Apt. 246
Lake Jasonport, WV 80948"
Dawn Ortiz,1997-12-07,"PSC 4537, Box 9135
APO AE 89275"
Rodney Hawkins,1986-02-14,"95121 Michael Isle
East Josechester, MD 91795"
Madison Rodriguez,2002-04-05,"14092 Williams Grove
Port Daleborough, AR 99562"
Kelly Dillon,1992-12-14,"5853 Wendy Extension Apt. 204
New Brian, RI 97939"
