title,release,rating,genre
Serious inside else memory if six.,1991-07-26,4,scifi
Group through despite cause cause believe son.,1987-07-07,3,romance
Better available sure form nice.,1979-07-25,4,scifi
First policy daughter need kind miss.,1994-04-23,1,comedy
Trouble behavior style report size personal partner.,1983-11-03,0,scifi
Room region as true develop.,1997-04-27,3,romance
Language ball floor meet usually board necessary.,2001-11-09,1,comedy
Four two data son natural explain before.,2008-04-26,0,documentary
Offer face country cost party prevent.,1971-07-01,3,documentary
Bed serious theory type.,2005-12-05,2,comedy
Raise study modern miss dog Democrat quickly.,2012-08-14,0,documentary
Every manage political record word group food break.,1998-09-21,1,scifi
Drug rule bring determine some.,2007-08-03,2,scifi
Staff beyond chair recently and off.,1987-10-30,0,comedy
Buy country store.,1999-09-29,1,comedy
Before street break painting create wife.,1970-07-30,2,comedy
Decision song view age international big employee.,1983-01-07,3,romance
Positive go Congress mean.,1999-04-23,0,comedy
Beyond write current grow rule stuff truth college.,2013-12-15,4,romance
Small citizen class morning.,1987-01-03,4,comedy
Tv program actually race tonight themselves true power.,2006-06-12,4,documentary
Check real leader bad school.,1978-08-21,1,scifi
Drive well good explain.,1975-08-16,2,scifi
Water plant perform resource hold increase practice ability.,2011-07-21,3,romance
Civil development large report purpose themselves.,1993-09-28,3,comedy
The nothing sign remember close ask.,1977-08-15,3,romance
Month maintain no sense this manager fine.,2014-10-12,0,documentary
Speak themselves speech.,2012-03-05,0,romance
Yourself plan base rise would I question.,1992-02-25,1,scifi
Degree response able.,2012-02-27,0,comedy
Budget power them evidence without.,2004-08-23,3,comedy
Take however ball ever laugh society technology.,2011-08-27,2,romance
Stage population boy child surface amount day.,1982-01-03,1,scifi
Fire happen nothing support suffer which parent.,1978-05-05,0,documentary
Policy head Mrs debate onto across character.,1982-10-11,4,scifi
Smile responsibility full per among clearly.,1967-05-24,0,scifi
House nature fall long dream answer.,2004-07-28,3,romance
Rock few structure federal board night loss.,2003-09-14,2,scifi
Buy break marriage also friend reach.,1991-11-20,3,romance
Phone heart window police.,1968-10-27,3,comedy
Cup determine his better.,1968-09-12,2,scifi
Turn small research describe base detail yourself.,1992-07-05,2,romance
Court boy state table agree moment.,1997-03-14,2,romance
Market either political young.,1991-11-28,3,romance
Chair cup her national character writer work chance.,1986-10-07,4,documentary
There many true follow marriage material.,2004-10-23,1,romance
Particular despite future while together stand along.,1981-06-03,1,romance
Owner choose here family relationship.,2008-01-17,4,documentary
Son might trip at.,2002-08-06,2,romance
Feel serve large.,1972-08-21,3,romance
Than leave he him.,1966-03-17,3,comedy
Before some military outside baby interview senior.,1993-11-27,4,scifi
Top individual win suddenly win parent do.,1967-06-19,1,comedy
Scientist few now.,2009-01-17,4,scifi
Management energy stay significant.,1972-12-24,0,documentary
Artist political camera expert stop area.,2007-06-24,1,comedy
Individual man tell response purpose character would.,1981-07-07,2,documentary
Partner hit another.,1987-09-19,0,documentary
After our car food.,1967-07-16,1,scifi
Himself simply make thing particular.,2008-09-16,4,documentary
Place full buy radio perform small camera treatment.,1997-06-12,3,scifi
Million size country site.,1973-08-08,2,documentary
Series lay smile away and various.,1969-10-06,3,documentary
Too war project occur democratic.,1974-03-22,4,comedy
Single recognize information figure box international not type.,2005-01-24,0,comedy
As indeed choose west social issue.,2006-02-13,0,documentary
Market ten foot.,1982-12-13,2,scifi
Good building reality generation.,1973-04-27,1,romance
Store discover hand.,2006-11-10,2,romance
About probably rule too security.,1983-08-29,3,scifi
Ready usually do center law live.,1992-10-04,4,scifi
Agreement decade friend which.,1980-03-10,0,scifi
Player contain year bill ok choose today.,1975-10-26,0,romance
Firm drug senior fact information.,1970-07-09,2,comedy
Over hour reduce car.,1968-01-11,0,scifi
Indicate unit opportunity fear great easy plan.,1966-12-18,1,comedy
Impact individual rock fly daughter fall.,1972-07-30,4,documentary
Wear someone everybody newspaper.,2003-11-19,4,romance
Up control instead company where future model.,1969-09-30,1,scifi
Place beat sense far store last left.,2009-11-08,0,romance
Boy without feeling participant interest.,2002-12-19,3,documentary
Question set discussion seven.,1998-08-10,2,scifi
Worker building this American either moment ok how.,1979-12-16,0,comedy
Government the pull cultural be.,1974-01-14,1,comedy
Figure future morning eat turn.,1987-04-26,1,romance
Increase face mind off.,1975-01-16,3,romance
Black western myself scientist tough everything kind.,2008-02-15,0,romance
But building husband life.,1969-05-02,1,scifi
Place score design major maybe manage.,1972-03-01,4,comedy
Feel seat appear perform agent likely.,1985-02-20,2,comedy
Without rather bank we under house guess.,1993-09-12,1,comedy
About establish policy fall too cell of course.,2013-07-31,2,documentary
Respond himself former possible reach challenge value.,2003-02-12,1,romance
Firm decade cost glass work interview man.,1970-06-05,2,romance
Keep daughter report town almost.,2002-02-24,1,comedy
Hair sea quality do.,1985-12-15,0,scifi
Beautiful than seem sign third in approach recent.,1980-07-28,0,documentary
Lawyer effort little front amount apply glass face.,1970-09-27,3,comedy
As into develop part.,2014-05-14,4,romance
Cover part paper beat five movie throw.,1995-10-29,3,scifi
