<?xml version="1.0" encoding="UTF-8"?>
<project-private xmlns="http://www.netbeans.org/ns/project-private/1">
    <editor-bookmarks xmlns="http://www.netbeans.org/ns/editor-bookmarks/2" lastBookmarkId="0"/>
    <open-files xmlns="http://www.netbeans.org/ns/projectui-open-files/2">
        <group>
            <file>file:/C:/Users/eoin0/OneDrive/NCI/OOP/_Project/UNDevelopment/src/undevelopment/Clues.java</file>
            <file>file:/C:/Users/eoin0/OneDrive/NCI/OOP/_Project/UNDevelopment/src/undevelopment/CrosswordWords.java</file>
            <file>file:/C:/Users/eoin0/OneDrive/NCI/OOP/_Project/UNDevelopment/src/undevelopment/AdaptabilityGUI.java</file>
            <file>file:/C:/Users/eoin0/OneDrive/NCI/OOP/_Project/UNDevelopment/src/undevelopment/Answers.java</file>
        </group>
    </open-files>
</project-private>
